Username,Email,Gender,Age,DOB
James,vvillanueva@example.org,M,18,2005-04-25
Theresa,victoriashields@example.org,F,48,1975-10-27
Vanessa,keith00@example.com,F,33,1990-08-26
Christopher,laurarodriguez@example.com,M,54,1969-11-04
Chad,claygabriela@example.com,F,53,1970-06-03
Taylor,rosborne@example.net,F,64,1959-07-12
Thomas,andersonandres@example.org,F,71,1952-05-19
Eric,dawn75@example.com,M,19,2004-02-07
Tony,tgonzales@example.net,F,38,1985-08-11
Lisa,charlesmiller@example.net,F,43,1980-04-26
Rebecca,john98@example.net,F,50,1973-04-28
Shawn,jclayton@example.org,M,26,1997-01-26
Joseph,moorebrett@example.org,M,49,1974-01-19
Heather,rwalker@example.org,F,50,1973-02-27
Tina,jonathanhartman@example.net,M,32,1991-08-01
Brenda,joseph39@example.org,F,29,1994-02-26
Erica,kelleyashley@example.net,F,34,1989-06-03
Emily,millerlindsey@example.com,M,55,1968-10-08
Jessica,ewilson@example.org,M,18,2005-03-24
Jaclyn,brian47@example.net,M,48,1975-06-26
Charles,grahammichelle@example.com,M,28,1995-08-23
Kimberly,awilliams@example.net,M,31,1992-06-04
Natasha,danielrobinson@example.net,M,65,1958-01-07
Michael,reyesjonathan@example.net,M,50,1973-06-28
Lauren,zdixon@example.org,F,62,1961-05-22
Keith,gina35@example.net,F,73,1950-02-06
Mary,petersonvincent@example.org,F,73,1950-12-05
Julie,lisareid@example.com,M,38,1985-07-04
Brandon,ashleystanley@example.com,M,34,1989-07-13
Donna,joybarnett@example.org,F,69,1954-05-20
Teresa,daltondavid@example.com,F,54,1969-06-25
Sabrina,hguerrero@example.net,F,21,2002-03-23
Shannon,nathanieljones@example.org,F,58,1965-08-01
Angela,wheeleralexandria@example.net,M,41,1982-02-17
Anthony,ashleyhoward@example.org,M,71,1952-07-28
Jonathan,dawnduarte@example.net,F,24,1999-06-13
Beth,carriethompson@example.com,M,72,1951-08-03
Steven,thomasjessica@example.net,F,22,2001-03-16
Justin,deckeranthony@example.net,F,52,1971-09-07
Paul,ashley15@example.org,M,67,1956-10-13
Matthew,noblerachel@example.net,F,71,1952-09-21
Dominique,rjones@example.net,M,18,2005-04-22
John,wallsdavid@example.org,M,42,1981-04-22
Lori,elizabethbrady@example.net,M,45,1978-09-04
David,schaefernicholas@example.com,F,18,2005-12-05
Stacey,qcollier@example.org,M,29,1994-08-12
Kevin,cmitchell@example.org,M,66,1957-10-20
Adam,jennifer08@example.com,F,63,1960-07-15
Sherri,jonathan26@example.net,F,49,1974-03-09
Timothy,fbrown@example.net,M,22,2001-07-18
Maurice,rodriguezjennifer@example.org,F,32,1991-02-02
William,psmith@example.com,F,69,1954-11-13
Roger,laura79@example.com,M,18,2005-06-09
Scott,mcmahonbrent@example.net,M,59,1964-06-22
Yvette,josephhenry@example.com,M,19,2004-05-21
Antonio,ybowers@example.net,M,67,1956-03-25
Mark,lauriechang@example.org,M,58,1965-10-23
Jeffrey,anne01@example.net,F,55,1968-04-05
Brian,dthompson@example.com,F,63,1960-08-13
Tim,pgutierrez@example.org,F,51,1972-02-18
Kaylee,christinacalhoun@example.net,M,19,2004-12-07
Robert,carrieburke@example.net,M,32,1991-04-16
Anna,amorrow@example.com,F,35,1988-10-18
Cindy,aaron36@example.org,F,60,1963-04-18
Lindsey,ricejanice@example.com,F,42,1981-09-04
Alisha,kochjames@example.org,F,70,1953-10-24
Darren,skirby@example.net,F,45,1978-04-03
Stacy,donald06@example.org,F,18,2005-09-05
Darrell,bestlaurie@example.com,F,47,1976-05-14
Kenneth,fergusondaniel@example.net,F,61,1962-01-11
Kelly,stevenclark@example.com,F,35,1988-12-12
Maria,floydbryan@example.com,F,42,1981-04-28
Jon,elizabeth29@example.com,F,43,1980-07-15
Gregory,ucooke@example.com,F,44,1979-02-06
Ryan,peter77@example.org,F,73,1950-11-15
Debbie,fbenitez@example.net,M,67,1956-12-01
Crystal,edwardsthomas@example.com,F,56,1967-09-22
Elizabeth,smithcarolyn@example.com,M,34,1989-05-15
Alexander,eboyd@example.com,M,35,1988-01-26
Jason,naustin@example.org,M,64,1959-07-01
Laura,miguelmaldonado@example.org,M,22,2001-06-08
Johnathan,gregoryjones@example.com,F,37,1986-04-01
Brittany,perry12@example.net,F,55,1968-12-10
Caitlyn,brianwilliams@example.net,F,23,2000-12-06
Gabriel,carol79@example.org,F,69,1954-10-18
Craig,balvarado@example.org,F,71,1952-03-18
Tracy,tking@example.net,M,63,1960-09-03
Samantha,pbeck@example.org,M,54,1969-11-26
Melinda,thomasreese@example.net,M,72,1951-07-09
Debra,rprice@example.net,M,20,2003-02-08
Judith,david54@example.net,M,28,1995-05-20
Trevor,christopherbaker@example.org,M,57,1966-05-28
Kathleen,bautistalisa@example.org,M,32,1991-05-24
Ashley,speterson@example.com,M,71,1952-07-04
Karen,michaelathompson@example.org,F,45,1978-05-20
Jerome,higginsjoshua@example.com,F,42,1981-10-09
Katherine,cjennings@example.com,F,41,1982-03-15
Terri,paynejodi@example.net,M,49,1974-03-20
Edward,wilkinsonelizabeth@example.net,F,33,1990-09-01
Joshua,michael36@example.com,F,41,1982-08-08
Derrick,kramerjavier@example.com,F,43,1980-08-11
Alexandra,wreese@example.com,M,18,2005-04-01
Alicia,nross@example.net,F,68,1955-11-12
Victoria,evelez@example.net,F,66,1957-12-10
Joan,taylortiffany@example.com,M,40,1983-11-25
Traci,williamjohnson@example.org,M,45,1978-02-20
Michelle,estesleonard@example.org,M,23,2000-06-08
Alison,gallagheramy@example.com,M,45,1978-12-08
George,popealan@example.org,F,71,1952-08-02
Kiara,aprilmejia@example.org,F,25,1998-04-28
Sarah,williamseric@example.net,M,48,1975-03-19
Ann,robertgonzalez@example.com,F,19,2004-01-28
Todd,wardstephanie@example.net,F,73,1950-02-03
Jose,jessicafigueroa@example.com,M,33,1990-08-19
Louis,veronicajarvis@example.net,F,36,1987-06-15
Morgan,nwillis@example.com,F,25,1998-07-18
Alyssa,paulgarcia@example.com,M,46,1977-07-07
Patricia,tyler95@example.com,F,46,1977-03-23
Brittney,karen24@example.net,M,43,1980-12-22
Jordan,frederickalyssa@example.com,F,50,1973-07-12
Kendra,jasonriggs@example.net,F,55,1968-08-04
Sonya,sandrews@example.com,M,66,1957-06-23
Briana,stewartkyle@example.org,F,24,1999-06-08
Miranda,underwoodrebekah@example.org,F,43,1980-11-05
Jeanette,wanda74@example.net,M,71,1952-01-25
Aaron,chayes@example.net,M,65,1958-11-12
Melissa,colonjames@example.com,M,58,1965-02-14
Mallory,yaguilar@example.com,F,55,1968-08-26
Lawrence,terry29@example.com,F,55,1968-02-26
Walter,mark54@example.net,M,20,2003-11-21
Kristopher,stevenbarnes@example.com,M,22,2001-12-11
Tanya,michael75@example.net,M,18,2005-08-08
Tyler,jessicalevy@example.net,F,44,1979-07-19
Tiffany,scottrichard@example.net,F,19,2004-03-07
Edwin,robinglover@example.com,F,62,1961-05-07
Amanda,rachelgreen@example.com,F,63,1960-07-09
Brett,laura08@example.org,M,71,1952-02-12
Randall,evanskristen@example.com,F,55,1968-04-16
Billy,taylor04@example.net,F,24,1999-04-16
Megan,williamsonedward@example.org,M,62,1961-03-09
Claudia,melissaconrad@example.net,M,72,1951-12-23
Deanna,stephenyoung@example.net,M,33,1990-02-17
Jesse,kchang@example.org,F,34,1989-10-15
Guy,krista14@example.com,M,34,1989-06-24
Judy,john82@example.com,M,36,1987-12-19
Joel,robertsonscott@example.com,M,58,1965-07-05
Howard,ijohnson@example.net,F,52,1971-05-27
Loretta,martinezchristopher@example.net,F,54,1969-05-10
Jacob,codymcguire@example.org,M,66,1957-02-18
Rachel,wcollins@example.com,F,62,1961-01-20
Bruce,jerrymorris@example.net,M,36,1987-05-21
Peter,hbarnes@example.com,M,39,1984-03-18
Christine,kellyrenee@example.net,M,48,1975-08-26
Stephen,wendy24@example.net,M,56,1967-11-27
Brent,pyang@example.com,M,48,1975-08-13
Sally,jeffrey27@example.org,F,27,1996-05-03
Diana,garyflores@example.org,M,66,1957-02-13
Cynthia,rojaskenneth@example.com,M,43,1980-01-16
Cassidy,kerrmark@example.net,F,65,1958-08-13
Grant,michaelholmes@example.net,F,71,1952-08-08
Darryl,linda79@example.com,M,32,1991-02-22
Sherry,potterpedro@example.com,M,70,1953-09-28
Caleb,monica47@example.net,F,66,1957-03-22
Dawn,paynelisa@example.org,F,36,1987-12-09
Bryan,brandonwhite@example.org,F,46,1977-10-28
Jodi,mgarrett@example.org,F,66,1957-03-15
Kyle,hannah58@example.com,M,40,1983-04-03
Benjamin,brian18@example.org,F,43,1980-03-10
Kathryn,geraldbrown@example.com,M,52,1971-07-12
Deborah,colleen00@example.com,M,30,1993-09-27
Henry,olee@example.org,F,28,1995-03-28
Carolyn,tiffany91@example.org,F,36,1987-12-22
Jared,amcdonald@example.org,M,62,1961-11-22
Glenn,deborah24@example.com,F,42,1981-10-09
Erin,zsimmons@example.net,F,48,1975-02-22
Luis,fgibson@example.net,F,68,1955-06-28
Nicholas,gonzalezbrittany@example.net,F,72,1951-10-15
Jennifer,schaeferdaniel@example.net,M,60,1963-09-09
Tammy,michael91@example.org,F,19,2004-11-01
Adrian,charles82@example.org,F,38,1985-07-17
Sean,jennifercontreras@example.net,F,27,1996-09-10
Roberta,janet40@example.net,F,56,1967-11-13
Cheryl,victoriaporter@example.com,M,67,1956-12-22
Shane,griffithtimothy@example.net,M,18,2005-03-03
Wesley,smithmarcus@example.org,M,21,2002-03-07
Leslie,susanbutler@example.org,M,73,1950-04-01
Daniel,coopererin@example.com,F,58,1965-08-06
Diamond,dsmith@example.net,F,63,1960-03-02
Kelsey,leeandrew@example.net,F,28,1995-08-06
Jeremiah,cnorton@example.org,M,23,2000-11-16
Andrew,rogersnatalie@example.net,F,46,1977-06-24
Abigail,jennifer68@example.com,M,73,1950-11-09
Fernando,courtneygarcia@example.com,M,22,2001-12-28
Stephanie,andersonamy@example.com,F,51,1972-08-03
Kristi,danielbond@example.org,F,61,1962-03-15
Paige,kendrawright@example.com,F,53,1970-05-02
Bradley,hutchinsonmariah@example.net,M,20,2003-04-19
Amy,whitneyhebert@example.com,F,21,2002-02-03
Eugene,christopher36@example.org,M,70,1953-03-15
Jackie,jackson67@example.org,M,62,1961-01-27
Vickie,mark57@example.com,M,40,1983-04-15
Samuel,bfrank@example.net,F,55,1968-07-09
Catherine,daniellowe@example.net,M,40,1983-11-06
Blake,mwalker@example.net,F,35,1988-01-12
Margaret,jasonalexander@example.com,F,29,1994-06-27
Zachary,adam55@example.com,M,58,1965-10-13
Marie,davissusan@example.org,F,45,1978-01-01
Dennis,allen76@example.net,M,59,1964-01-16
Alan,colegabrielle@example.org,F,56,1967-03-04
Jeffery,wreed@example.net,F,69,1954-06-16
Richard,jeffreymendoza@example.com,F,65,1958-03-21
Anne,tcole@example.com,F,22,2001-04-03
Melanie,lisa17@example.org,F,68,1955-09-12
Jill,xdennis@example.org,F,42,1981-02-03
Amber,castillobailey@example.com,M,21,2002-02-19
Kristen,maryadams@example.net,M,73,1950-02-01
Ronald,brianna41@example.net,F,18,2005-02-26
Janet,howardchad@example.com,F,30,1993-05-15
Martin,oandrews@example.com,F,42,1981-07-11
Kaitlyn,vestrada@example.com,M,41,1982-10-02
Tara,rachelwheeler@example.org,F,46,1977-12-03
Omar,joannedwards@example.org,F,68,1955-09-13
Karl,amymatthews@example.org,M,51,1972-03-13
Sheila,fdavis@example.com,M,26,1997-03-28
Holly,johnsonjeffrey@example.net,F,49,1974-10-28
Nicole,rtorres@example.org,F,25,1998-06-04
Andrea,terri25@example.com,M,66,1957-02-23
Grace,calebjohnson@example.com,F,71,1952-03-21
Luke,richard38@example.com,M,37,1986-10-02
Jake,rfarley@example.net,M,38,1985-01-22
Donald,erin72@example.com,M,20,2003-05-28
Robin,wmartinez@example.net,F,68,1955-01-22
Norman,schmittnathan@example.com,F,31,1992-02-16
Kristy,michellewang@example.com,F,32,1991-10-28
Marissa,francocody@example.net,M,49,1974-04-20
Monique,graymichelle@example.com,F,68,1955-08-03
Kayla,natasha19@example.net,F,22,2001-06-09
Linda,thomaschristopher@example.net,F,49,1974-09-02
Patrick,cynthiabennett@example.org,M,68,1955-12-11
Helen,lsimpson@example.net,F,46,1977-10-05
Allen,cheryl28@example.net,M,62,1961-08-19
Carrie,katie65@example.org,M,56,1967-12-18
Danielle,carolyn21@example.com,F,36,1987-12-07
Brandy,rushleslie@example.net,F,51,1972-06-11
Laurie,jody85@example.net,M,44,1979-03-13
Whitney,kwebb@example.net,M,23,2000-07-27
Johnny,parkerstephanie@example.com,F,46,1977-07-01
Elijah,matthew60@example.net,M,24,1999-09-22
Allison,millsjohn@example.net,F,61,1962-06-01
Jacqueline,tjuarez@example.net,M,22,2001-02-19
Alexis,frivera@example.com,M,19,2004-10-05
Ralph,eric28@example.org,M,35,1988-05-07
Kim,wriddle@example.net,F,35,1988-06-18
Tracie,michaelsmith@example.org,M,41,1982-01-15
Paula,bryantbrenda@example.net,M,47,1976-10-20
Bill,patriciareynolds@example.com,M,73,1950-05-06
Ian,anthonymercado@example.org,M,25,1998-06-27
Alejandro,edward68@example.com,F,32,1991-08-16
Diane,parkermelissa@example.net,M,25,1998-10-15
Christy,brittanyramos@example.net,M,73,1950-02-04
Tamara,cfreeman@example.net,F,26,1997-02-13
Lucas,agreen@example.com,M,56,1967-09-15
Denise,daniellerobinson@example.org,F,45,1978-02-05
Wendy,gjones@example.org,F,39,1984-11-26
Ernest,smithdaniel@example.com,M,38,1985-05-16
Kellie,utaylor@example.com,F,60,1963-05-22
Valerie,emily05@example.com,M,52,1971-05-24
Susan,smyers@example.org,M,56,1967-01-28
Miguel,leejames@example.net,M,73,1950-11-16
Cory,bortiz@example.net,F,65,1958-07-27
Bailey,danielle73@example.org,M,49,1974-10-28
Madison,dylanboyer@example.com,F,67,1956-03-02
Connor,rachel76@example.org,M,69,1954-07-06
Kristina,sjordan@example.net,F,68,1955-12-09
Alvin,joshuabutler@example.com,M,60,1963-02-11
Mitchell,craig57@example.org,F,71,1952-06-27
Randy,ccunningham@example.net,M,20,2003-10-27
Troy,schmitttimothy@example.com,F,21,2002-09-05
Natalie,millergloria@example.org,M,58,1965-11-14
Carlos,vasquezbenjamin@example.net,F,67,1956-06-12
Charlene,ywallace@example.net,F,29,1994-01-26
Michele,brianfisher@example.com,M,61,1962-08-23
Dillon,lisa45@example.net,F,39,1984-01-14
Brad,jasonhill@example.com,F,33,1990-08-13
Virginia,herreragerald@example.org,F,22,2001-07-15
Gabriella,melissamarquez@example.org,M,61,1962-01-22
Gary,zmoore@example.com,F,34,1989-08-25
Misty,saguilar@example.org,M,67,1956-06-07
Douglas,mejiasamantha@example.com,M,25,1998-01-09
Phillip,katelynpham@example.org,F,27,1996-11-06
Juan,michael99@example.org,M,58,1965-02-04
Caitlin,andrewbaker@example.net,F,33,1990-03-02
Sergio,vwilliams@example.org,M,62,1961-12-14
Nathaniel,moorejason@example.net,F,72,1951-10-16
Rhonda,justinburns@example.net,F,57,1966-01-07
Brianna,ajimenez@example.com,F,66,1957-10-17
Rachael,katherineadams@example.com,M,58,1965-06-12
Pedro,codyabbott@example.net,F,41,1982-06-22
Gail,whiteallison@example.com,M,70,1953-01-23
Veronica,lisa85@example.net,F,64,1959-06-16
Isabel,courtney47@example.org,F,67,1956-10-01
Meredith,adrianaholloway@example.net,M,25,1998-03-25
Sheryl,ysmith@example.com,F,63,1960-12-03
Angelica,whitneypalmer@example.com,M,59,1964-07-14
Bethany,jameswright@example.com,F,32,1991-09-13
Evan,christophermiller@example.org,F,56,1967-07-03
Christina,strongemily@example.org,M,20,2003-12-23
Lynn,qbeltran@example.com,M,26,1997-06-15
Mercedes,austinjuan@example.com,M,54,1969-05-03
Connie,fsoto@example.com,F,67,1956-04-03
Hannah,sean59@example.net,M,39,1984-01-05
Suzanne,anthonyross@example.net,F,28,1995-10-02
Joyce,brittany44@example.net,M,35,1988-11-11
Dylan,charlessmith@example.net,F,63,1960-01-09
Micheal,deanemma@example.com,F,28,1995-09-08
Charlotte,lisathomas@example.org,F,22,2001-08-27
Brendan,armstronglaura@example.com,F,27,1996-12-10
Hunter,wilsonbrandon@example.com,F,63,1960-01-06
Ariana,qtorres@example.org,M,31,1992-11-13
Jerry,williamssamantha@example.net,M,38,1985-08-04
Ebony,hughespatrick@example.com,M,30,1993-06-02
Tonya,zfloyd@example.com,M,42,1981-05-04
Nina,heathertownsend@example.net,M,66,1957-06-09
Katelyn,lesliecarter@example.net,M,34,1989-12-07
Jim,caseyjohnathan@example.com,M,28,1995-02-04
Chloe,jacquelinebarton@example.com,F,47,1976-04-26
Dalton,casey61@example.com,M,45,1978-06-03
Austin,jameshunt@example.net,F,22,2001-06-05
Dale,brandttracy@example.com,F,24,1999-04-23
Haley,michaelhood@example.net,M,58,1965-11-20
Kathy,jonathanhardy@example.com,M,44,1979-01-09
Olivia,mariawilkins@example.org,M,28,1995-06-05
Sharon,gjohnson@example.net,F,63,1960-07-15
Betty,william01@example.net,F,49,1974-05-14
Martha,sarah42@example.org,M,63,1960-03-14
Beverly,ashleydillon@example.com,M,34,1989-06-03
Alice,john20@example.net,F,58,1965-10-15
Darlene,fernandodavis@example.org,F,53,1970-09-13
Parker,zsmith@example.net,F,65,1958-11-02
Julia,jasonhunt@example.net,F,53,1970-12-23
Ellen,laura23@example.org,F,42,1981-05-05
Gina,codyrodriguez@example.com,M,48,1975-01-15
Roy,scott47@example.net,F,29,1994-10-12
Pam,austinwilliams@example.org,M,54,1969-05-04
Courtney,ninamalone@example.net,F,63,1960-08-16
Garrett,rhonda06@example.net,F,18,2005-01-07
Colin,gabriel05@example.com,M,40,1983-08-04
Shelby,mark23@example.com,M,40,1983-02-04
Renee,moralesvanessa@example.org,F,68,1955-08-21
Wanda,kjackson@example.net,M,21,2002-01-20
